Kinder,Leia01,F,20151231145934
High,Luke01,M,20130129080903
University,Leia02,F,20051231145934
High,Luke02,M,20130129080903
Kinder,Leia03,F,20111231145934
High,Luke03,M,20120129080903
Elementary,Leia04,F,20171231145934
High,Luke04,M,20100129080903
Kinder,Leia05,F,20101231145934
Elementary,Leia06,F,20091231145934
High,Luke05,M,20050129080903
Kinder,Leia07,F,20181231145934
University,Luke06,M,20180129080903
Kinder,Leia08,F,20161231145934
High,Luke07,M,20150129080903
University,Luke08,M,20100129080903